epoch,accuracy,loss,val_accuracy,val_loss
0,0.49980804324150085,0.0,0.5001428723335266,0.0





